#{"t_start": 1719341097.614236, "env_id": "CartPoleAggregated-v1"}
r,l,t
13.0,13,0.701554
17.0,17,0.737272
