#{"t_start": 1719341097.6150203, "env_id": "CartPoleAggregated-v1"}
r,l,t
10.0,10,0.694422
18.0,18,0.7322
