#{"t_start": 1719341097.6158018, "env_id": "CartPoleAggregated-v1"}
r,l,t
13.0,13,0.70011
14.0,14,0.728938
