#{"t_start": 1718716326.1337268, "env_id": "CartPoleAggregated-v1"}
r,l,t
13.0,13,0.702208
19.0,19,0.743984
14.0,14,2.496431
10.0,10,2.515003
