#{"t_start": 1718716326.1346617, "env_id": "CartPoleAggregated-v1"}
r,l,t
27.0,27,0.731287
19.0,19,2.495609
10.0,10,2.514172
