#{"t_start": 1718716326.1355143, "env_id": "CartPoleAggregated-v1"}
r,l,t
18.0,18,0.711196
26.0,26,2.490725
