#{"t_start": 1718716326.1363657, "env_id": "CartPoleAggregated-v1"}
r,l,t
47.0,47,2.496099
13.0,13,2.519412
