#{"t_start": 1718716326.1373339, "env_id": "CartPoleAggregated-v1"}
r,l,t
27.0,27,0.728788
13.0,13,2.481375
22.0,22,2.522352
