#{"t_start": 1718716326.138085, "env_id": "CartPoleAggregated-v1"}
r,l,t
44.0,44,2.488348
12.0,12,2.510909
