#{"t_start": 1718716326.1396809, "env_id": "CartPoleAggregated-v1"}
r,l,t
29.0,29,0.731328
10.0,10,2.47677
14.0,14,2.503953
