#{"t_start": 1719341315.6308763, "env_id": "CartPoleAggregated-v1"}
r,l,t
11.0,11,0.691971
13.0,13,0.719491
