#{"t_start": 1719341315.6343198, "env_id": "CartPoleAggregated-v1"}
r,l,t
12.0,12,0.691281
20.0,20,0.732532
