#{"t_start": 1719341895.7370594, "env_id": "CartPoleAggregated-v1"}
r,l,t
14.0,14,0.745663
14.0,14,0.775249
