#{"t_start": 1718716336.1137056, "env_id": "CartPoleAggregated-v1"}
r,l,t
10.0,10,0.701529
46.0,46,2.607827
20.0,20,4.177701
38.0,38,5.999267
12.0,12,6.025934
