#{"t_start": 1718716336.1162863, "env_id": "CartPoleAggregated-v1"}
r,l,t
48.0,48,2.585942
23.0,23,4.165596
18.0,18,4.202064
32.0,32,6.012532
