#{"t_start": 1718716336.117223, "env_id": "CartPoleAggregated-v1"}
r,l,t
12.0,12,0.703418
33.0,33,2.577741
25.0,25,4.162226
43.0,43,5.992792
