#{"t_start": 1718716336.1186905, "env_id": "CartPoleAggregated-v1"}
r,l,t
24.0,24,0.731189
36.0,36,2.612482
53.0,53,5.991505
15.0,15,6.025976
