#{"t_start": 1718716336.1194181, "env_id": "CartPoleAggregated-v1"}
r,l,t
13.0,13,0.704064
15.0,15,0.740616
21.0,21,2.585794
19.0,19,4.155635
46.0,46,5.99386
